ngay,gia
2015-01-01: 34600
2015-01-02: 35100
2015-01-03: 35700
2015-01-04: 35300
2015-01-05: 35900
2015-01-06: 35600
2015-01-07: 35900
2015-01-08: 35800
2015-01-09: 36600
2015-01-10: 36300
2015-01-11: 37300
2015-01-12: 37400
2015-01-13: 37600
2015-01-14: 37400
2015-01-15: 38000
2015-01-16: 37800
2015-01-17: 38700
2015-01-18: 38400
2015-01-19: 38300
2015-01-20: 37800
2015-01-21: 38500
2015-01-22: 39300
2015-01-23: 39400
2015-01-24: 40400
2015-01-25: 40900
2015-01-26: 41700
2015-01-27: 42500
2015-01-28: 43300
2015-01-29: 42900
2015-01-30: 43300
2015-01-31: 44200
2015-02-01: 44300
2015-02-02: 45000
2015-02-03: 45500
2015-02-04: 45100
2015-02-05: 45600
2015-02-06: 46600
2015-02-07: 46300
2015-02-08: 46200
2015-02-09: 46200
2015-02-10: 46600
2015-02-11: 47300
2015-02-12: 48300
2015-02-13: 48000
2015-02-14: 47800
2015-02-15: 47800
2015-02-16: 47900
2015-02-17: 48000
2015-02-18: 48800
2015-02-19: 49700
2015-02-20: 50700
2015-02-21: 51700
2015-02-22: 51300
2015-02-23: 51700
2015-02-24: 51300
2015-02-25: 51100
2015-02-26: 51700
2015-02-27: 52300
2015-02-28: 52200
2015-03-01: 52000
2015-03-02: 51800
2015-03-03: 51600
2015-03-04: 51500
2015-03-05: 52300
2015-03-06: 53300
2015-03-07: 53000
2015-03-08: 53800
2015-03-09: 53700
2015-03-10: 54100
2015-03-11: 54800
2015-03-12: 55300
2015-03-13: 55800
2015-03-14: 56200
2015-03-15: 55700
2015-03-16: 55700
2015-03-17: 56100
2015-03-18: 57000
2015-03-19: 58000
2015-03-20: 57600
2015-03-21: 57300
2015-03-22: 58200
2015-03-23: 58900
2015-03-24: 58400
2015-03-25: 58300
2015-03-26: 58600
2015-03-27: 58400
2015-03-28: 59200
2015-03-29: 59500
2015-03-30: 59400
2015-03-31: 60300
2015-04-01: 59800
2015-04-02: 59700
2015-04-03: 60400
2015-04-04: 60400
2015-04-05: 60100
2015-04-06: 60700
2015-04-07: 61500
2015-04-08: 61600
2015-04-09: 62000
2015-04-10: 62200
2015-04-11: 61700
2015-04-12: 61700
2015-04-13: 62100
2015-04-14: 62300
2015-04-15: 62100
2015-04-16: 61600
2015-04-17: 61100
2015-04-18: 60700
2015-04-19: 60700
2015-04-20: 60900
2015-04-21: 60800
2015-04-22: 60300
2015-04-23: 60900
2015-04-24: 61100
2015-04-25: 61100
2015-04-26: 62000
2015-04-27: 62600
2015-04-28: 62900
2015-04-29: 63400
2015-04-30: 64400
2015-05-01: 63900
2015-05-02: 63700
2015-05-03: 63200
2015-05-04: 63100
2015-05-05: 63100
2015-05-06: 62900
2015-05-07: 63000
2015-05-08: 62500
2015-05-09: 62100
2015-05-10: 61200
2015-05-11: 60700
2015-05-12: 61100
2015-05-13: 61200
2015-05-14: 61600
2015-05-15: 61400
2015-05-16: 61400
2015-05-17: 61300
2015-05-18: 61000
2015-05-19: 61500
2015-05-20: 61500
2015-05-21: 61400
2015-05-22: 60900
2015-05-23: 60200
2015-05-24: 60600
2015-05-25: 60000
2015-05-26: 59600
2015-05-27: 59500
2015-05-28: 59800
2015-05-29: 58900
2015-05-30: 58600
2015-05-31: 58700
2015-06-01: 59100
2015-06-02: 58100
2015-06-03: 58400
2015-06-04: 57800
2015-06-05: 57400
2015-06-06: 57000
2015-06-07: 57000
2015-06-08: 57100
2015-06-09: 56900
2015-06-10: 56500
2015-06-11: 56700
2015-06-12: 56500
2015-06-13: 55800
2015-06-14: 55000
2015-06-15: 54800
2015-06-16: 54300
2015-06-17: 53800
2015-06-18: 54000
2015-06-19: 54400
2015-06-20: 53700
2015-06-21: 54000
2015-06-22: 53000
2015-06-23: 52400
2015-06-24: 51400
2015-06-25: 51400
2015-06-26: 51300
2015-06-27: 51000
2015-06-28: 51000
2015-06-29: 51500
2015-06-30: 50900
2015-07-01: 50800
2015-07-02: 50000
2015-07-03: 50500
2015-07-04: 49800
2015-07-05: 49300
2015-07-06: 49300
2015-07-07: 48400
2015-07-08: 47600
2015-07-09: 47700
2015-07-10: 47500
2015-07-11: 48000
2015-07-12: 47700
2015-07-13: 46800
2015-07-14: 46900
2015-07-15: 46400
2015-07-16: 45700
2015-07-17: 45400
2015-07-18: 45900
2015-07-19: 44900
2015-07-20: 44800
2015-07-21: 44500
2015-07-22: 44800
2015-07-23: 44500
2015-07-24: 43700
2015-07-25: 44200
2015-07-26: 44300
2015-07-27: 44800
2015-07-28: 44600
2015-07-29: 44500
2015-07-30: 43700
2015-07-31: 43300
2015-08-01: 42300
2015-08-02: 41700
2015-08-03: 40700
2015-08-04: 41000
2015-08-05: 40500
2015-08-06: 40900
2015-08-07: 40900
2015-08-08: 40600
2015-08-09: 39600
2015-08-10: 38700
2015-08-11: 37900
2015-08-12: 38000
2015-08-13: 37000
2015-08-14: 37200
2015-08-15: 37000
2015-08-16: 36800
2015-08-17: 36400
2015-08-18: 35400
2015-08-19: 34500
2015-08-20: 35000
2015-08-21: 34800
2015-08-22: 34500
2015-08-23: 33900
2015-08-24: 33300
2015-08-25: 33800
2015-08-26: 33500
2015-08-27: 34000
2015-08-28: 33200
2015-08-29: 32600
2015-08-30: 32000
2015-08-31: 31700
2015-09-01: 32100
2015-09-02: 32000
2015-09-03: 32500
2015-09-04: 31800
2015-09-05: 31700
2015-09-06: 31500
2015-09-07: 31400
2015-09-08: 30700
2015-09-09: 29800
2015-09-10: 30200
2015-09-11: 29600
2015-09-12: 29100
2015-09-13: 28100
2015-09-14: 27300
2015-09-15: 26500
2015-09-16: 25500
2015-09-17: 25800
2015-09-18: 24900
2015-09-19: 24700
2015-09-20: 24400
2015-09-21: 24900
2015-09-22: 23900
2015-09-23: 23500
2015-09-24: 23100
2015-09-25: 23600
2015-09-26: 23100
2015-09-27: 23100
2015-09-28: 22900
2015-09-29: 23000
2015-09-30: 22100
2015-10-01: 21800
2015-10-02: 21900
2015-10-03: 21900
2015-10-04: 22000
2015-10-05: 21200
2015-10-06: 21100
2015-10-07: 21600
2015-10-08: 21100
2015-10-09: 21600
2015-10-10: 20600
2015-10-11: 20700
2015-10-12: 20700
2015-10-13: 21000
2015-10-14: 20600
2015-10-15: 20100
2015-10-16: 19700
2015-10-17: 19900
2015-10-18: 20300
2015-10-19: 20500
2015-10-20: 20800
2015-10-21: 21300
2015-10-22: 21100
2015-10-23: 20300
2015-10-24: 19900
2015-10-25: 20200
2015-10-26: 20500
2015-10-27: 20400
2015-10-28: 19800
2015-10-29: 20000
2015-10-30: 20100
2015-10-31: 20200
2015-11-01: 20100
2015-11-02: 20800
2015-11-03: 21800
2015-11-04: 22200
2015-11-05: 22500
2015-11-06: 23000
2015-11-07: 23600
2015-11-08: 24400
2015-11-09: 24100
2015-11-10: 23800
2015-11-11: 23500
2015-11-12: 24100
2015-11-13: 24500
2015-11-14: 25000
2015-11-15: 25200
2015-11-16: 25800
2015-11-17: 26100
2015-11-18: 26600
2015-11-19: 27200
2015-11-20: 27800
2015-11-21: 28500
2015-11-22: 28800
2015-11-23: 28900
2015-11-24: 29900
2015-11-25: 30100
2015-11-26: 29900
2015-11-27: 30500
2015-11-28: 31000
2015-11-29: 31000
2015-11-30: 30700
2015-12-01: 31000
2015-12-02: 30700
2015-12-03: 31500
2015-12-04: 32400
2015-12-05: 32100
2015-12-06: 32900
2015-12-07: 33900
2015-12-08: 34100
2015-12-09: 34400
2015-12-10: 33900
2015-12-11: 33500
2015-12-12: 33900
2015-12-13: 34600
2015-12-14: 34400
2015-12-15: 34200
2015-12-16: 34000
2015-12-17: 35000
2015-12-18: 35500
2015-12-19: 35000
2015-12-20: 34700
2015-12-21: 35300
2015-12-22: 36000
2015-12-23: 35500
2015-12-24: 35600
2015-12-25: 36400
2015-12-26: 36400
2015-12-27: 36200
2015-12-28: 36500
2015-12-29: 37300
2015-12-30: 37600
2015-12-31: 37700
2016-01-01: 38200
2016-01-02: 38700
2016-01-03: 38200
2016-01-04: 38000
2016-01-05: 39000
2016-01-06: 39700
2016-01-07: 40100
2016-01-08: 40700
2016-01-09: 41200
2016-01-10: 41600
2016-01-11: 42200
2016-01-12: 41700
2016-01-13: 42700
2016-01-14: 43100
2016-01-15: 43800
2016-01-16: 44400
2016-01-17: 45000
2016-01-18: 45400
2016-01-19: 46000
2016-01-20: 45500
2016-01-21: 46500
2016-01-22: 46000
2016-01-23: 45500
2016-01-24: 46400
2016-01-25: 46200
2016-01-26: 45900
2016-01-27: 45500
2016-01-28: 46100
2016-01-29: 45700
2016-01-30: 46100
2016-01-31: 45600
2016-02-01: 46300
2016-02-02: 46800
2016-02-03: 46300
2016-02-04: 45900
2016-02-05: 46600
2016-02-06: 46700
2016-02-07: 46900
2016-02-08: 47700
2016-02-09: 48700
2016-02-10: 48400
2016-02-11: 48600
2016-02-12: 48600
2016-02-13: 49600
2016-02-14: 49400
2016-02-15: 50300
2016-02-16: 49900
2016-02-17: 50300
2016-02-18: 50800
2016-02-19: 51600
2016-02-20: 52300
2016-02-21: 52500
2016-02-22: 52200
2016-02-23: 52400
2016-02-24: 52100
2016-02-25: 51800
2016-02-26: 51500
2016-02-27: 51300
2016-02-28: 51500
2016-02-29: 51100
2016-03-01: 51100
2016-03-02: 51100
2016-03-03: 51100
2016-03-04: 52000
2016-03-05: 52400
2016-03-06: 52200
2016-03-07: 51900
2016-03-08: 51900
2016-03-09: 52300
2016-03-10: 52200
2016-03-11: 52500
2016-03-12: 52100
2016-03-13: 52300
2016-03-14: 52900
2016-03-15: 52600
2016-03-16: 52200
2016-03-17: 52100
2016-03-18: 52000
2016-03-19: 52900
2016-03-20: 52400
2016-03-21: 52000
2016-03-22: 52100
2016-03-23: 51800
2016-03-24: 51900
2016-03-25: 51800
2016-03-26: 51900
2016-03-27: 52400
2016-03-28: 52600
2016-03-29: 53100
2016-03-30: 53500
2016-03-31: 53600
2016-04-01: 54600
2016-04-02: 55500
2016-04-03: 55800
2016-04-04: 56800
2016-04-05: 57000
2016-04-06: 57100
2016-04-07: 57200
2016-04-08: 56700
2016-04-09: 56800
2016-04-10: 57200
2016-04-11: 57500
2016-04-12: 57700
2016-04-13: 57700
2016-04-14: 58400
2016-04-15: 59400
2016-04-16: 59700
2016-04-17: 59900
2016-04-18: 59700
2016-04-19: 59500
2016-04-20: 60500
2016-04-21: 61100
2016-04-22: 62100
2016-04-23: 61600
2016-04-24: 62300
2016-04-25: 62800
2016-04-26: 62700
2016-04-27: 62800
2016-04-28: 63400
2016-04-29: 64100
2016-04-30: 64400
2016-05-01: 64000
2016-05-02: 64300
2016-05-03: 64600
2016-05-04: 64800
2016-05-05: 65300
2016-05-06: 64400
2016-05-07: 63900
2016-05-08: 63000
2016-05-09: 62600
2016-05-10: 61700
2016-05-11: 61400
2016-05-12: 61600
2016-05-13: 61400
2016-05-14: 61200
2016-05-15: 61300
2016-05-16: 61800
2016-05-17: 61700
2016-05-18: 61600
2016-05-19: 61800
2016-05-20: 62000
2016-05-21: 61100
2016-05-22: 60600
2016-05-23: 60700
2016-05-24: 61100
2016-05-25: 60400
2016-05-26: 60700
2016-05-27: 61200
2016-05-28: 61100
2016-05-29: 61600
2016-05-30: 62100
2016-05-31: 62200
2016-06-01: 61800
2016-06-02: 61100
2016-06-03: 61500
2016-06-04: 61600
2016-06-05: 60700
2016-06-06: 61100
2016-06-07: 61500
2016-06-08: 61000
2016-06-09: 60200
2016-06-10: 60300
2016-06-11: 60000
2016-06-12: 60000
2016-06-13: 60500
2016-06-14: 60800
2016-06-15: 60500
2016-06-16: 59900
2016-06-17: 60200
2016-06-18: 59200
2016-06-19: 58300
2016-06-20: 58400
2016-06-21: 57600
2016-06-22: 57700
2016-06-23: 57800
2016-06-24: 58300
2016-06-25: 57400
2016-06-26: 57200
2016-06-27: 56500
2016-06-28: 57000
2016-06-29: 57200
2016-06-30: 56300
2016-07-01: 55700
2016-07-02: 54700
2016-07-03: 54300
2016-07-04: 53400
2016-07-05: 53700
2016-07-06: 53600
2016-07-07: 53700
2016-07-08: 53700
2016-07-09: 53300
2016-07-10: 52500
2016-07-11: 52900
2016-07-12: 52200
2016-07-13: 51300
2016-07-14: 50300
2016-07-15: 49600
2016-07-16: 49300
2016-07-17: 49200
2016-07-18: 48400
2016-07-19: 47600
2016-07-20: 47200
2016-07-21: 46600
2016-07-22: 45700
2016-07-23: 45200
2016-07-24: 45100
2016-07-25: 45000
2016-07-26: 45300
2016-07-27: 44300
2016-07-28: 44500
2016-07-29: 44300
2016-07-30: 44300
2016-07-31: 43600
2016-08-01: 43300
2016-08-02: 43100
2016-08-03: 43100
2016-08-04: 43600
2016-08-05: 43800
2016-08-06: 44100
2016-08-07: 43500
2016-08-08: 43200
2016-08-09: 43200
2016-08-10: 43700
2016-08-11: 43600
2016-08-12: 42600
2016-08-13: 43000
2016-08-14: 42700
2016-08-15: 43200
2016-08-16: 42300
2016-08-17: 42400
2016-08-18: 41600
2016-08-19: 41400
2016-08-20: 40800
2016-08-21: 40300
2016-08-22: 40300
2016-08-23: 40100
2016-08-24: 40200
2016-08-25: 40600
2016-08-26: 40700
2016-08-27: 40800
2016-08-28: 40800
2016-08-29: 40500
2016-08-30: 39600
2016-08-31: 39900
2016-09-01: 39800
2016-09-02: 38800
2016-09-03: 38900
2016-09-04: 39000
2016-09-05: 38700
2016-09-06: 37700
2016-09-07: 37200
2016-09-08: 36900
2016-09-09: 36800
2016-09-10: 37200
2016-09-11: 37600
2016-09-12: 36800
2016-09-13: 37200
2016-09-14: 36600
2016-09-15: 35700
2016-09-16: 35400
2016-09-17: 34600
2016-09-18: 33900
2016-09-19: 33900
2016-09-20: 34300
2016-09-21: 33800
2016-09-22: 33200
2016-09-23: 33600
2016-09-24: 33300
2016-09-25: 32300
2016-09-26: 31500
2016-09-27: 31900
2016-09-28: 31000
2016-09-29: 30500
2016-09-30: 30700
2016-10-01: 29700
2016-10-02: 29800
2016-10-03: 28900
2016-10-04: 28100
2016-10-05: 27500
2016-10-06: 26900
2016-10-07: 27300
2016-10-08: 26500
2016-10-09: 26300
2016-10-10: 26000
2016-10-11: 26400
2016-10-12: 25700
2016-10-13: 25300
2016-10-14: 24800
2016-10-15: 24700
2016-10-16: 24800
2016-10-17: 24700
2016-10-18: 25000
2016-10-19: 24600
2016-10-20: 24100
2016-10-21: 24600
2016-10-22: 24600
2016-10-23: 24400
2016-10-24: 23800
2016-10-25: 23600
2016-10-26: 23800
2016-10-27: 24300
2016-10-28: 23500
2016-10-29: 22500
2016-10-30: 21700
2016-10-31: 22200
2016-11-01: 22500
2016-11-02: 23400
2016-11-03: 23300
2016-11-04: 23900
2016-11-05: 23800
2016-11-06: 24500
2016-11-07: 25000
2016-11-08: 25000
2016-11-09: 24600
2016-11-10: 24700
2016-11-11: 25500
2016-11-12: 25100
2016-11-13: 25000
2016-11-14: 24900
2016-11-15: 24400
2016-11-16: 24000
2016-11-17: 24800
2016-11-18: 25000
2016-11-19: 25300
2016-11-20: 24800
2016-11-21: 25200
2016-11-22: 25900
2016-11-23: 26500
2016-11-24: 27100
2016-11-25: 27400
2016-11-26: 27300
2016-11-27: 28100
2016-11-28: 29100
2016-11-29: 29800
2016-11-30: 29400
2016-12-01: 29400
2016-12-02: 29800
2016-12-03: 30700
2016-12-04: 30400
2016-12-05: 31400
2016-12-06: 31200
2016-12-07: 31500
2016-12-08: 31800
2016-12-09: 32400
2016-12-10: 33100
2016-12-11: 33100
2016-12-12: 33600
2016-12-13: 34500
2016-12-14: 35300
2016-12-15: 35000
2016-12-16: 35100
2016-12-17: 34900
2016-12-18: 35400
2016-12-19: 36400
2016-12-20: 36900
2016-12-21: 36700
2016-12-22: 37300
2016-12-23: 38200
2016-12-24: 39000
2016-12-25: 39500
2016-12-26: 39800
2016-12-27: 39600
2016-12-28: 40300
2016-12-29: 41100
2016-12-30: 41500
2016-12-31: 42500
2017-01-01: 43200
2017-01-02: 42700
2017-01-03: 43000
2017-01-04: 43000
2017-01-05: 43100
2017-01-06: 43400
2017-01-07: 44200
2017-01-08: 44000
2017-01-09: 44900
2017-01-10: 45300
2017-01-11: 46000
2017-01-12: 46900
2017-01-13: 47500
2017-01-14: 48400
2017-01-15: 49000
2017-01-16: 49700
2017-01-17: 50200
2017-01-18: 51200
2017-01-19: 51500
2017-01-20: 51600
2017-01-21: 52100
2017-01-22: 52300
2017-01-23: 52900
2017-01-24: 52600
2017-01-25: 53400
2017-01-26: 54000
2017-01-27: 54600
2017-01-28: 55300
2017-01-29: 56100
2017-01-30: 56900
2017-01-31: 56800
2017-02-01: 57500
2017-02-02: 58000
2017-02-03: 57700
2017-02-04: 58700
2017-02-05: 58300
2017-02-06: 59100
2017-02-07: 59100
2017-02-08: 59900
2017-02-09: 59800
2017-02-10: 60700
2017-02-11: 60400
2017-02-12: 60200
2017-02-13: 60700
2017-02-14: 61700
2017-02-15: 62300
2017-02-16: 63100
2017-02-17: 62700
2017-02-18: 63100
2017-02-19: 63100
2017-02-20: 63300
2017-02-21: 64000
2017-02-22: 64800
2017-02-23: 65600
2017-02-24: 65100
2017-02-25: 65900
2017-02-26: 66300
2017-02-27: 67200
2017-02-28: 68000
2017-03-01: 68000
2017-03-02: 68100
2017-03-03: 68700
2017-03-04: 69200
2017-03-05: 70200
2017-03-06: 70200
2017-03-07: 70300
2017-03-08: 70000
2017-03-09: 69800
2017-03-10: 70700
2017-03-11: 70400
2017-03-12: 71000
2017-03-13: 71800
2017-03-14: 72700
2017-03-15: 73200
2017-03-16: 73600
2017-03-17: 74600
2017-03-18: 74400
2017-03-19: 74700
2017-03-20: 75300
2017-03-21: 75500
2017-03-22: 76500
2017-03-23: 77300
2017-03-24: 78100
2017-03-25: 77800
2017-03-26: 77500
2017-03-27: 78100
2017-03-28: 77900
2017-03-29: 78600
2017-03-30: 78400
2017-03-31: 79100
2017-04-01: 80100
2017-04-02: 80900
2017-04-03: 81500
2017-04-04: 82200
2017-04-05: 81700
2017-04-06: 81900
2017-04-07: 82500
2017-04-08: 83400
2017-04-09: 82900
2017-04-10: 82900
2017-04-11: 82700
2017-04-12: 83500
2017-04-13: 84100
2017-04-14: 84500
2017-04-15: 85300
2017-04-16: 84800
2017-04-17: 84700
2017-04-18: 85600
2017-04-19: 85500
2017-04-20: 86500
2017-04-21: 87200
2017-04-22: 87800
2017-04-23: 88700
2017-04-24: 88800
2017-04-25: 88700
2017-04-26: 89000
2017-04-27: 89000
2017-04-28: 90000
2017-04-29: 89900
2017-04-30: 89800
2017-05-01: 89600
2017-05-02: 88900
2017-05-03: 88500
2017-05-04: 88000
2017-05-05: 87300
2017-05-06: 87600
2017-05-07: 86900
2017-05-08: 86400
2017-05-09: 85800
2017-05-10: 85800
2017-05-11: 85200
2017-05-12: 84900
2017-05-13: 84600
2017-05-14: 83900
2017-05-15: 83200
2017-05-16: 82200
2017-05-17: 81700
2017-05-18: 81600
2017-05-19: 80700
2017-05-20: 81100
2017-05-21: 81500
2017-05-22: 82000
2017-05-23: 81800
2017-05-24: 82200
2017-05-25: 82300
2017-05-26: 81300
2017-05-27: 80300
2017-05-28: 79300
2017-05-29: 79700
2017-05-30: 79100
2017-05-31: 78700
2017-06-01: 78500
2017-06-02: 78300
2017-06-03: 77600
2017-06-04: 77300
2017-06-05: 76800
2017-06-06: 77300
2017-06-07: 76800
2017-06-08: 76000
2017-06-09: 75900
2017-06-10: 75400
2017-06-11: 75700
2017-06-12: 76100
2017-06-13: 76600
2017-06-14: 76500
2017-06-15: 77000
2017-06-16: 76700
2017-06-17: 76000
2017-06-18: 75800
2017-06-19: 75300
2017-06-20: 74300
2017-06-21: 74300
2017-06-22: 73400
2017-06-23: 73100
2017-06-24: 72500
2017-06-25: 71500
2017-06-26: 71400
2017-06-27: 71300
2017-06-28: 71000
2017-06-29: 71300
2017-06-30: 70800
2017-07-01: 70200
2017-07-02: 70200
2017-07-03: 70700
2017-07-04: 70400
2017-07-05: 69500
2017-07-06: 69100
2017-07-07: 68600
2017-07-08: 68200
2017-07-09: 68700
2017-07-10: 69200
2017-07-11: 68600
2017-07-12: 69000
2017-07-13: 68400
2017-07-14: 68200
2017-07-15: 68600
2017-07-16: 69000
2017-07-17: 69200
2017-07-18: 69000
2017-07-19: 68800
2017-07-20: 69100
2017-07-21: 68400
2017-07-22: 67900
2017-07-23: 67200
2017-07-24: 67400
2017-07-25: 66700
2017-07-26: 66200
2017-07-27: 65300
2017-07-28: 64300
2017-07-29: 64400
2017-07-30: 64900
2017-07-31: 64000
2017-08-01: 63300
2017-08-02: 63300
2017-08-03: 62400
2017-08-04: 61700
2017-08-05: 61700
2017-08-06: 61000
2017-08-07: 60100
2017-08-08: 59800
2017-08-09: 59300
2017-08-10: 58800
2017-08-11: 58300
2017-08-12: 58600
2017-08-13: 57600
2017-08-14: 57000
2017-08-15: 57500
2017-08-16: 57200
2017-08-17: 56200
2017-08-18: 56700
2017-08-19: 56700
2017-08-20: 56000
2017-08-21: 56200
2017-08-22: 56700
2017-08-23: 56600
2017-08-24: 56200
2017-08-25: 55200
2017-08-26: 55100
2017-08-27: 54900
2017-08-28: 54500
2017-08-29: 55000
2017-08-30: 54300
2017-08-31: 54600
2017-09-01: 53600
2017-09-02: 53800
2017-09-03: 54100
2017-09-04: 53300
2017-09-05: 53100
2017-09-06: 53500
2017-09-07: 53900
2017-09-08: 53400
2017-09-09: 53800
2017-09-10: 54300
2017-09-11: 53400
2017-09-12: 53200
2017-09-13: 52700
2017-09-14: 53100
2017-09-15: 53400
2017-09-16: 52700
2017-09-17: 53000
2017-09-18: 52800
2017-09-19: 52100
2017-09-20: 52100
2017-09-21: 51100
2017-09-22: 50800
2017-09-23: 49800
2017-09-24: 48800
2017-09-25: 47800
2017-09-26: 47700
2017-09-27: 46700
2017-09-28: 46200
2017-09-29: 46200
2017-09-30: 46700
2017-10-01: 45900
2017-10-02: 46100
2017-10-03: 45500
2017-10-04: 45300
2017-10-05: 44700
2017-10-06: 44400
2017-10-07: 44500
2017-10-08: 43700
2017-10-09: 42900
2017-10-10: 42800
2017-10-11: 42900
2017-10-12: 41900
2017-10-13: 41300
2017-10-14: 40600
2017-10-15: 40200
2017-10-16: 39400
2017-10-17: 39500
2017-10-18: 39700
2017-10-19: 39700
2017-10-20: 38900
2017-10-21: 38700
2017-10-22: 37800
2017-10-23: 36800
2017-10-24: 37200
2017-10-25: 37500
2017-10-26: 37300
2017-10-27: 37500
2017-10-28: 38000
2017-10-29: 37800
2017-10-30: 37400
2017-10-31: 37200
2017-11-01: 38000
2017-11-02: 38800
2017-11-03: 39000
2017-11-04: 38600
2017-11-05: 39400
2017-11-06: 39400
2017-11-07: 39100
2017-11-08: 39800
2017-11-09: 40500
2017-11-10: 40300
2017-11-11: 39900
2017-11-12: 40100
2017-11-13: 40400
2017-11-14: 41200
2017-11-15: 42200
2017-11-16: 42400
2017-11-17: 43100
2017-11-18: 42900
2017-11-19: 42600
2017-11-20: 42600
2017-11-21: 43100
2017-11-22: 44100
2017-11-23: 44100
2017-11-24: 44700
2017-11-25: 44700
2017-11-26: 45700
2017-11-27: 46700
2017-11-28: 47200
2017-11-29: 47300
2017-11-30: 47300
2017-12-01: 48100
2017-12-02: 49000
2017-12-03: 48700
2017-12-04: 49100
2017-12-05: 48700
2017-12-06: 48200
2017-12-07: 49200
2017-12-08: 49100
2017-12-09: 49500
2017-12-10: 50400
2017-12-11: 51200
2017-12-12: 50900
2017-12-13: 51300
2017-12-14: 50900
2017-12-15: 50600
2017-12-16: 50200
2017-12-17: 51000
2017-12-18: 51200
2017-12-19: 51500
2017-12-20: 51800
2017-12-21: 51400
2017-12-22: 51900
2017-12-23: 51600
2017-12-24: 51100
2017-12-25: 51800
2017-12-26: 51700
2017-12-27: 51400
2017-12-28: 51900
2017-12-29: 51900
2017-12-30: 52500
2017-12-31: 52300
2018-01-01: 53100
2018-01-02: 53300
2018-01-03: 54300
2018-01-04: 54800
2018-01-05: 55000
2018-01-06: 55900
2018-01-07: 56100
2018-01-08: 55800
2018-01-09: 56300
2018-01-10: 57300
2018-01-11: 57400
2018-01-12: 57300
2018-01-13: 58200
2018-01-14: 58900
2018-01-15: 58700
2018-01-16: 58700
2018-01-17: 58200
2018-01-18: 57900
2018-01-19: 58000
2018-01-20: 57700
2018-01-21: 58300
2018-01-22: 58000
2018-01-23: 59000
2018-01-24: 59200
2018-01-25: 59600
2018-01-26: 59600
2018-01-27: 60400
2018-01-28: 61000
2018-01-29: 60800
2018-01-30: 61500
2018-01-31: 62500
2018-02-01: 63400
2018-02-02: 63300
2018-02-03: 63400
2018-02-04: 63800
2018-02-05: 64700
2018-02-06: 64200
2018-02-07: 64500
2018-02-08: 64100
2018-02-09: 65100
2018-02-10: 64800
2018-02-11: 65200
2018-02-12: 65300
2018-02-13: 65100
2018-02-14: 65400
2018-02-15: 65400
2018-02-16: 66300
2018-02-17: 66700
2018-02-18: 66200
2018-02-19: 65700
2018-02-20: 65300
2018-02-21: 65200
2018-02-22: 65400
2018-02-23: 65600
2018-02-24: 65600
2018-02-25: 65100
2018-02-26: 65000
2018-02-27: 64800
2018-02-28: 64500
2018-03-01: 64500
2018-03-02: 64400
2018-03-03: 64000
2018-03-04: 63800
2018-03-05: 64400
2018-03-06: 64200
2018-03-07: 65000
2018-03-08: 64700
2018-03-09: 65500
2018-03-10: 65800
2018-03-11: 65700
2018-03-12: 65800
2018-03-13: 65700
2018-03-14: 66400
2018-03-15: 67400
2018-03-16: 67900
2018-03-17: 68000
2018-03-18: 68300
2018-03-19: 68900
2018-03-20: 69300
2018-03-21: 70300
2018-03-22: 70200
2018-03-23: 70800
2018-03-24: 70700
2018-03-25: 70300
2018-03-26: 70700
2018-03-27: 70400
2018-03-28: 71200
2018-03-29: 71300
2018-03-30: 71000
2018-03-31: 71300
2018-04-01: 70800
2018-04-02: 71400
2018-04-03: 71400
2018-04-04: 71000
2018-04-05: 71700
2018-04-06: 72300
2018-04-07: 72300
2018-04-08: 71800
2018-04-09: 71400
2018-04-10: 71700
2018-04-11: 72200
2018-04-12: 71900
2018-04-13: 72900
2018-04-14: 72800
2018-04-15: 72400
2018-04-16: 72600
2018-04-17: 73300
2018-04-18: 73000
2018-04-19: 73500
2018-04-20: 73000
2018-04-21: 72500
2018-04-22: 72400
2018-04-23: 71900
2018-04-24: 72300
2018-04-25: 72100
2018-04-26: 71900
2018-04-27: 72100
2018-04-28: 72700
2018-04-29: 73400
2018-04-30: 74000
2018-05-01: 73900
2018-05-02: 73900
2018-05-03: 73100
2018-05-04: 72500
2018-05-05: 72900
2018-05-06: 73300
2018-05-07: 72900
2018-05-08: 72200
2018-05-09: 72400
2018-05-10: 71400
2018-05-11: 71800
2018-05-12: 71000
2018-05-13: 70800
2018-05-14: 70500
2018-05-15: 70800
2018-05-16: 70500
2018-05-17: 69500
2018-05-18: 70000
2018-05-19: 70200
2018-05-20: 70100
2018-05-21: 70400
2018-05-22: 69900
2018-05-23: 70400
2018-05-24: 70600
2018-05-25: 70700
2018-05-26: 69800
2018-05-27: 68900
2018-05-28: 68000
2018-05-29: 67900
2018-05-30: 67700
2018-05-31: 66900
2018-06-01: 66800
2018-06-02: 66000
2018-06-03: 65100
2018-06-04: 64700
2018-06-05: 65200
2018-06-06: 65700
2018-06-07: 65300
2018-06-08: 65700
2018-06-09: 65000
2018-06-10: 64600
2018-06-11: 64800
2018-06-12: 64100
2018-06-13: 63600
2018-06-14: 63600
2018-06-15: 63700
2018-06-16: 63800
2018-06-17: 62900
2018-06-18: 63200
2018-06-19: 62800
2018-06-20: 63200
2018-06-21: 63100
2018-06-22: 63500
2018-06-23: 63400
2018-06-24: 63500
2018-06-25: 62600
2018-06-26: 61900
2018-06-27: 61800
2018-06-28: 61800
2018-06-29: 61900
2018-06-30: 61000
2018-07-01: 60000
2018-07-02: 59900
2018-07-03: 58900
2018-07-04: 59000
2018-07-05: 59000
2018-07-06: 59300
2018-07-07: 58400
2018-07-08: 57900
2018-07-09: 58200
2018-07-10: 57600
2018-07-11: 58100
2018-07-12: 57100
2018-07-13: 57600
2018-07-14: 57900
2018-07-15: 57700
2018-07-16: 57900
2018-07-17: 56900
2018-07-18: 56000
2018-07-19: 55600
2018-07-20: 55500
2018-07-21: 55400
2018-07-22: 55000
2018-07-23: 54400
2018-07-24: 54000
2018-07-25: 53300
2018-07-26: 53000
2018-07-27: 52600
2018-07-28: 52000
2018-07-29: 52300
2018-07-30: 52500
2018-07-31: 52200
2018-08-01: 51300
2018-08-02: 50800
2018-08-03: 50400
2018-08-04: 49700
2018-08-05: 48900
2018-08-06: 49200
2018-08-07: 48200
2018-08-08: 47400
2018-08-09: 46400
2018-08-10: 46700
2018-08-11: 45800
2018-08-12: 45000
2018-08-13: 44100
2018-08-14: 44200
2018-08-15: 43200
2018-08-16: 42300
2018-08-17: 42100
2018-08-18: 41500
2018-08-19: 41600
2018-08-20: 41700
2018-08-21: 41200
2018-08-22: 40300
2018-08-23: 40800
2018-08-24: 40400
2018-08-25: 39500
2018-08-26: 38600
2018-08-27: 38800
2018-08-28: 38100
2018-08-29: 38000
2018-08-30: 37500
2018-08-31: 36800
2018-09-01: 37000
2018-09-02: 37500
2018-09-03: 38000
2018-09-04: 37100
2018-09-05: 36600
2018-09-06: 36300
2018-09-07: 36400
2018-09-08: 36100
2018-09-09: 35900
2018-09-10: 36200
2018-09-11: 36600
2018-09-12: 35600
2018-09-13: 36000
2018-09-14: 36500
2018-09-15: 36800
2018-09-16: 37300
2018-09-17: 36900
2018-09-18: 35900
2018-09-19: 36000
2018-09-20: 35800
2018-09-21: 34800
2018-09-22: 35200
2018-09-23: 35700
2018-09-24: 34900
2018-09-25: 34400
2018-09-26: 34800
2018-09-27: 33900
2018-09-28: 33100
2018-09-29: 32900
2018-09-30: 33200
2018-10-01: 33600
2018-10-02: 32600
2018-10-03: 32100
2018-10-04: 31100
2018-10-05: 31600
2018-10-06: 31900
2018-10-07: 31000
2018-10-08: 31100
2018-10-09: 31100
2018-10-10: 30500
2018-10-11: 30300
2018-10-12: 30200
2018-10-13: 30100
2018-10-14: 29500
2018-10-15: 29300
2018-10-16: 29800
2018-10-17: 30200
2018-10-18: 30600
2018-10-19: 31100
2018-10-20: 31500
2018-10-21: 30700
2018-10-22: 31000
2018-10-23: 30700
2018-10-24: 30800
2018-10-25: 30900
2018-10-26: 31300
2018-10-27: 30500
2018-10-28: 30300
2018-10-29: 30700
2018-10-30: 30200
2018-10-31: 30100
2018-11-01: 29700
2018-11-02: 29700
2018-11-03: 30700
2018-11-04: 30700
2018-11-05: 31100
2018-11-06: 31000
2018-11-07: 31900
2018-11-08: 32200
2018-11-09: 31800
2018-11-10: 31300
2018-11-11: 31100
2018-11-12: 31100
2018-11-13: 32000
2018-11-14: 33000
2018-11-15: 33000
2018-11-16: 33500
2018-11-17: 33500
2018-11-18: 33800
2018-11-19: 33500
2018-11-20: 33500
2018-11-21: 33700
2018-11-22: 33200
2018-11-23: 34100
2018-11-24: 35100
2018-11-25: 36100
2018-11-26: 35900
2018-11-27: 35400
2018-11-28: 36200
2018-11-29: 36700
2018-11-30: 36400
2018-12-01: 36500
2018-12-02: 36300
2018-12-03: 36100
2018-12-04: 36700
2018-12-05: 36200
2018-12-06: 36600
2018-12-07: 36500
2018-12-08: 36900
2018-12-09: 36400
2018-12-10: 37400
2018-12-11: 37800
2018-12-12: 38600
2018-12-13: 39200
2018-12-14: 39700
2018-12-15: 40700
2018-12-16: 40400
2018-12-17: 40600
2018-12-18: 40100
2018-12-19: 40500
2018-12-20: 40500
2018-12-21: 40600
2018-12-22: 41600
2018-12-23: 42200
2018-12-24: 43000
2018-12-25: 43300
2018-12-26: 43100
2018-12-27: 44000
2018-12-28: 44000
2018-12-29: 43800
2018-12-30: 44300
2018-12-31: 44500
2019-01-01: 45300
2019-01-02: 44800
2019-01-03: 44800
2019-01-04: 45000
2019-01-05: 44500
2019-01-06: 44200
2019-01-07: 44500
2019-01-08: 44900
2019-01-09: 44700
2019-01-10: 44300
2019-01-11: 45200
2019-01-12: 45000
2019-01-13: 45700
2019-01-14: 45300
2019-01-15: 45600
2019-01-16: 46300
2019-01-17: 45900
2019-01-18: 45900
2019-01-19: 45400
2019-01-20: 45700
2019-01-21: 45300
2019-01-22: 46200
2019-01-23: 47200
2019-01-24: 47400
2019-01-25: 47900
2019-01-26: 47700
2019-01-27: 48500
2019-01-28: 49400
2019-01-29: 49400
2019-01-30: 50300
2019-01-31: 50800
2019-02-01: 50500
2019-02-02: 51300
2019-02-03: 51700
2019-02-04: 52400
2019-02-05: 52200
2019-02-06: 52000
2019-02-07: 51500
2019-02-08: 51000
2019-02-09: 51300
2019-02-10: 51400
2019-02-11: 51400
2019-02-12: 51200
2019-02-13: 51700
2019-02-14: 51600
2019-02-15: 52600
2019-02-16: 53300
2019-02-17: 53800
2019-02-18: 54500
2019-02-19: 54000
2019-02-20: 53800
2019-02-21: 53900
2019-02-22: 54300
2019-02-23: 53900
2019-02-24: 54900
2019-02-25: 54500
2019-02-26: 54900
2019-02-27: 55100
2019-02-28: 56000
2019-03-01: 55800
2019-03-02: 56400
2019-03-03: 57200
2019-03-04: 57800
2019-03-05: 58000
2019-03-06: 57700
2019-03-07: 58300
2019-03-08: 58900
2019-03-09: 59400
2019-03-10: 60100
2019-03-11: 60800
2019-03-12: 61200
2019-03-13: 61100
2019-03-14: 61100
2019-03-15: 61000
2019-03-16: 61800
2019-03-17: 61600
2019-03-18: 61800
2019-03-19: 62700
2019-03-20: 63100
2019-03-21: 63300
2019-03-22: 63900
2019-03-23: 64400
2019-03-24: 64700
2019-03-25: 64600
2019-03-26: 65500
2019-03-27: 65000
2019-03-28: 65700
2019-03-29: 66600
2019-03-30: 67400
2019-03-31: 68300
2019-04-01: 69300
2019-04-02: 69400
2019-04-03: 70400
2019-04-04: 69900
2019-04-05: 70300
2019-04-06: 69800
2019-04-07: 69300
2019-04-08: 69000
2019-04-09: 68800
2019-04-10: 69200
2019-04-11: 69500
2019-04-12: 70200
2019-04-13: 70000
2019-04-14: 71000
2019-04-15: 70700
2019-04-16: 70300
2019-04-17: 70500
2019-04-18: 70700
2019-04-19: 71700
2019-04-20: 72400
2019-04-21: 72900
2019-04-22: 72900
2019-04-23: 72600
2019-04-24: 73400
2019-04-25: 74300
2019-04-26: 74500
2019-04-27: 75100
2019-04-28: 76000
2019-04-29: 75600
2019-04-30: 76300
2019-05-01: 75300
2019-05-02: 74900
2019-05-03: 74600
2019-05-04: 74900
2019-05-05: 74700
2019-05-06: 74100
2019-05-07: 73500
2019-05-08: 72500
2019-05-09: 72000
2019-05-10: 71900
2019-05-11: 71900
2019-05-12: 71400
2019-05-13: 71300
2019-05-14: 71200
2019-05-15: 70900
2019-05-16: 70400
2019-05-17: 69600
2019-05-18: 68900
2019-05-19: 68500
2019-05-20: 68000
2019-05-21: 67800
2019-05-22: 67400
2019-05-23: 66700
2019-05-24: 67000
2019-05-25: 66600
2019-05-26: 66900
2019-05-27: 66600
2019-05-28: 66000
2019-05-29: 65600
2019-05-30: 64700
2019-05-31: 64400
2019-06-01: 64700
2019-06-02: 64300
2019-06-03: 64700
2019-06-04: 64000
2019-06-05: 63400
2019-06-06: 63500
2019-06-07: 62800
2019-06-08: 62900
2019-06-09: 63400
2019-06-10: 62400
2019-06-11: 61700
2019-06-12: 62000
2019-06-13: 62500
2019-06-14: 62800
2019-06-15: 62200
2019-06-16: 62400
2019-06-17: 62800
2019-06-18: 63000
2019-06-19: 62100
2019-06-20: 61300
2019-06-21: 61000
2019-06-22: 60400
2019-06-23: 59800
2019-06-24: 59700
2019-06-25: 59400
2019-06-26: 58700
2019-06-27: 59000
2019-06-28: 58100
2019-06-29: 57500
2019-06-30: 56800
2019-07-01: 56200
2019-07-02: 55800
2019-07-03: 55400
2019-07-04: 54700
2019-07-05: 54000
2019-07-06: 53800
2019-07-07: 53200
2019-07-08: 52500
2019-07-09: 51500
2019-07-10: 51600
2019-07-11: 51600
2019-07-12: 51800
2019-07-13: 52300
2019-07-14: 52400
2019-07-15: 52000
2019-07-16: 51300
2019-07-17: 50300
2019-07-18: 50400
2019-07-19: 50300
2019-07-20: 50800
2019-07-21: 50000
2019-07-22: 49600
2019-07-23: 49800
2019-07-24: 50100
2019-07-25: 49100
2019-07-26: 48200
2019-07-27: 47200
2019-07-28: 46600
2019-07-29: 46000
2019-07-30: 45900
2019-07-31: 45600
2019-08-01: 45000
2019-08-02: 44200
2019-08-03: 43900
2019-08-04: 44300
2019-08-05: 44700
2019-08-06: 45100
2019-08-07: 44700
2019-08-08: 44600
2019-08-09: 44000
2019-08-10: 43800
2019-08-11: 43600
2019-08-12: 43000
2019-08-13: 42600
2019-08-14: 42700
2019-08-15: 42200
2019-08-16: 42300
2019-08-17: 41400
2019-08-18: 41500
2019-08-19: 41000
2019-08-20: 40500
2019-08-21: 40500
2019-08-22: 39800
2019-08-23: 39300
2019-08-24: 38600
2019-08-25: 38400
2019-08-26: 38700
2019-08-27: 38200
2019-08-28: 37500
2019-08-29: 37100
2019-08-30: 36900
2019-08-31: 37200
2019-09-01: 36700
2019-09-02: 35700
2019-09-03: 35200
2019-09-04: 35200
2019-09-05: 35300
2019-09-06: 35300
2019-09-07: 34300
2019-09-08: 34100
2019-09-09: 34400
2019-09-10: 34900
2019-09-11: 34000
2019-09-12: 33400
2019-09-13: 33800
2019-09-14: 33600
2019-09-15: 33900
2019-09-16: 33700
2019-09-17: 33000
2019-09-18: 32700
2019-09-19: 32300
2019-09-20: 32000
2019-09-21: 31200
2019-09-22: 31000
2019-09-23: 31100
2019-09-24: 30300
2019-09-25: 30100
2019-09-26: 29300
2019-09-27: 29000
2019-09-28: 28500
2019-09-29: 29000
2019-09-30: 28900
2019-10-01: 28300
2019-10-02: 27900
2019-10-03: 27700
2019-10-04: 27700
2019-10-05: 27500
2019-10-06: 27800
2019-10-07: 28100
2019-10-08: 28000
2019-10-09: 27600
2019-10-10: 27500
2019-10-11: 26800
2019-10-12: 26800
2019-10-13: 26400
2019-10-14: 26500
2019-10-15: 25600
2019-10-16: 24900
2019-10-17: 25200
2019-10-18: 25000
2019-10-19: 25000
2019-10-20: 24500
2019-10-21: 24000
2019-10-22: 23900
2019-10-23: 23700
2019-10-24: 23500
2019-10-25: 23400
2019-10-26: 23400
2019-10-27: 23500
2019-10-28: 23500
2019-10-29: 22700
2019-10-30: 23200
2019-10-31: 23100
2019-11-01: 23300
2019-11-02: 23000
2019-11-03: 22800
2019-11-04: 23400
2019-11-05: 23000
2019-11-06: 24000
2019-11-07: 25000
2019-11-08: 25500
2019-11-09: 25400
2019-11-10: 25300
2019-11-11: 25000
2019-11-12: 25500
2019-11-13: 26000
2019-11-14: 26300
2019-11-15: 27300
2019-11-16: 27400
2019-11-17: 28200
2019-11-18: 28900
2019-11-19: 29400
2019-11-20: 30000
2019-11-21: 30100
2019-11-22: 30300
2019-11-23: 30400
2019-11-24: 30000
2019-11-25: 30900
2019-11-26: 31700
2019-11-27: 31800
2019-11-28: 31900
2019-11-29: 32900
2019-11-30: 33400
2019-12-01: 33900
2019-12-02: 33500
2019-12-03: 34200
2019-12-04: 34800
2019-12-05: 34500
2019-12-06: 34400
2019-12-07: 35300
2019-12-08: 34900
2019-12-09: 35800
2019-12-10: 35800
2019-12-11: 36800
2019-12-12: 36700
2019-12-13: 36600
2019-12-14: 36300
2019-12-15: 36800
2019-12-16: 36800
2019-12-17: 36700
2019-12-18: 36500
2019-12-19: 37300
2019-12-20: 37200
2019-12-21: 37800
2019-12-22: 37400
2019-12-23: 37900
2019-12-24: 38300
2019-12-25: 39200
2019-12-26: 38800
2019-12-27: 39800
2019-12-28: 40700
2019-12-29: 41100
2019-12-30: 41600
2019-12-31: 41200
2020-01-01: 42200
2020-01-02: 42200
2020-01-03: 41800
2020-01-04: 41700
2020-01-05: 41700
2020-01-06: 42400
2020-01-07: 42500
2020-01-08: 42900
2020-01-09: 43800
2020-01-10: 44000
2020-01-11: 44200
2020-01-12: 44300
2020-01-13: 44800
2020-01-14: 44500
2020-01-15: 44400
2020-01-16: 44700
2020-01-17: 44200
2020-01-18: 45100
2020-01-19: 45500
2020-01-20: 45600
2020-01-21: 46300
2020-01-22: 47300
2020-01-23: 47200
2020-01-24: 48000
2020-01-25: 48900
2020-01-26: 49900
2020-01-27: 50000
2020-01-28: 50200
2020-01-29: 49900
2020-01-30: 50500
2020-01-31: 50100
2020-02-01: 50100
2020-02-02: 49700
2020-02-03: 49400
2020-02-04: 49800
2020-02-05: 50400
2020-02-06: 50500
2020-02-07: 50800
2020-02-08: 50800
2020-02-09: 51400
2020-02-10: 51600
2020-02-11: 51900
2020-02-12: 51600
2020-02-13: 52500
2020-02-14: 53100
2020-02-15: 52700
2020-02-16: 53000
2020-02-17: 53000
2020-02-18: 52900
2020-02-19: 52500
2020-02-20: 52500
2020-02-21: 52300
2020-02-22: 53300
2020-02-23: 52800
2020-02-24: 53500
2020-02-25: 53600
2020-02-26: 54100
2020-02-27: 53700
2020-02-28: 53300
2020-02-29: 54300
2020-03-01: 53900
2020-03-02: 53800
2020-03-03: 54200
2020-03-04: 54100
2020-03-05: 55000
2020-03-06: 55200
2020-03-07: 54800
2020-03-08: 55800
2020-03-09: 56000
2020-03-10: 56600
2020-03-11: 56400
2020-03-12: 57300
2020-03-13: 56800
2020-03-14: 56400
2020-03-15: 56600
2020-03-16: 56300
2020-03-17: 55800
2020-03-18: 56300
2020-03-19: 55800
2020-03-20: 55900
2020-03-21: 56700
2020-03-22: 57500
2020-03-23: 58500
2020-03-24: 58600
2020-03-25: 59200
2020-03-26: 58900
2020-03-27: 59700
2020-03-28: 60700
2020-03-29: 61700
2020-03-30: 61800
2020-03-31: 62500
2020-04-01: 62500
2020-04-02: 62300
2020-04-03: 63300
2020-04-04: 63500
2020-04-05: 63400
2020-04-06: 64200
2020-04-07: 64000
2020-04-08: 63900
2020-04-09: 64000
2020-04-10: 64500
2020-04-11: 64500
2020-04-12: 65200
2020-04-13: 65700
2020-04-14: 66600
2020-04-15: 67100
2020-04-16: 67300
2020-04-17: 67700
2020-04-18: 68100
2020-04-19: 68900
2020-04-20: 68700
2020-04-21: 69100
2020-04-22: 70000
2020-04-23: 70800
2020-04-24: 70400
2020-04-25: 70300
2020-04-26: 69800
2020-04-27: 69800
2020-04-28: 70700
2020-04-29: 70700
2020-04-30: 70900
2020-05-01: 70300
2020-05-02: 69600
2020-05-03: 68700
2020-05-04: 68400
2020-05-05: 67400
2020-05-06: 67400
2020-05-07: 67000
2020-05-08: 66300
2020-05-09: 65600
2020-05-10: 65600
2020-05-11: 65600
2020-05-12: 66000
2020-05-13: 66200
2020-05-14: 66100
2020-05-15: 66500
2020-05-16: 66600
2020-05-17: 66000
2020-05-18: 66200
2020-05-19: 65400
2020-05-20: 65800
2020-05-21: 65200
2020-05-22: 65400
2020-05-23: 64900
2020-05-24: 64700
2020-05-25: 64700
2020-05-26: 64800
2020-05-27: 63800
2020-05-28: 64000
2020-05-29: 63400
2020-05-30: 62900
2020-05-31: 63100
2020-06-01: 62400
2020-06-02: 62700
2020-06-03: 61700
2020-06-04: 61000
2020-06-05: 60300
2020-06-06: 60200
2020-06-07: 59500
2020-06-08: 58800
2020-06-09: 59000
2020-06-10: 59200
2020-06-11: 58300
2020-06-12: 58300
2020-06-13: 57300
2020-06-14: 57500
2020-06-15: 57000
2020-06-16: 56500
2020-06-17: 55800
2020-06-18: 55800
2020-06-19: 55300
2020-06-20: 54500
2020-06-21: 54100
2020-06-22: 53800
2020-06-23: 53300
2020-06-24: 52600
2020-06-25: 52300
2020-06-26: 51800
2020-06-27: 51900
2020-06-28: 51200
2020-06-29: 51700
2020-06-30: 51400
2020-07-01: 50400
2020-07-02: 50800
2020-07-03: 49900
2020-07-04: 48900
2020-07-05: 49000
2020-07-06: 49100
2020-07-07: 49500
2020-07-08: 49400
2020-07-09: 49900
2020-07-10: 50100
2020-07-11: 49600
2020-07-12: 49700
2020-07-13: 49000
2020-07-14: 48200
2020-07-15: 48500
2020-07-16: 48800
2020-07-17: 47900
2020-07-18: 47500
2020-07-19: 46700
2020-07-20: 47000
2020-07-21: 47100
2020-07-22: 47000
2020-07-23: 46900
2020-07-24: 46300
2020-07-25: 45800
2020-07-26: 45100
2020-07-27: 44400
2020-07-28: 43900
2020-07-29: 44200
2020-07-30: 44300
2020-07-31: 43500
2020-08-01: 43100
2020-08-02: 42900
2020-08-03: 43300
2020-08-04: 43700
2020-08-05: 43400
2020-08-06: 42700
2020-08-07: 42900
2020-08-08: 43100
2020-08-09: 42700
2020-08-10: 42700
2020-08-11: 42900
2020-08-12: 41900
2020-08-13: 41600
2020-08-14: 41400
2020-08-15: 41300
2020-08-16: 41300
2020-08-17: 41000
2020-08-18: 40200
2020-08-19: 39300
2020-08-20: 38900
2020-08-21: 39100
2020-08-22: 38200
2020-08-23: 37800
2020-08-24: 36900
2020-08-25: 36400
2020-08-26: 35900
2020-08-27: 36000
2020-08-28: 36100
2020-08-29: 35400
2020-08-30: 35300
2020-08-31: 35700
2020-09-01: 35200
2020-09-02: 34900
2020-09-03: 33900
2020-09-04: 34100
2020-09-05: 33700
2020-09-06: 34000
2020-09-07: 33300
2020-09-08: 32600
2020-09-09: 32900
2020-09-10: 32800
2020-09-11: 32000
2020-09-12: 31500
2020-09-13: 31900
2020-09-14: 30900
2020-09-15: 31100
2020-09-16: 31100
2020-09-17: 30600
2020-09-18: 30500
2020-09-19: 30300
2020-09-20: 30300
2020-09-21: 30100
2020-09-22: 29100
2020-09-23: 29200
2020-09-24: 28300
2020-09-25: 28600
2020-09-26: 27900
2020-09-27: 27500
2020-09-28: 27000
2020-09-29: 27200
2020-09-30: 26800
2020-10-01: 26200
2020-10-02: 25700
2020-10-03: 25000
2020-10-04: 25400
2020-10-05: 25100
2020-10-06: 24100
2020-10-07: 23900
2020-10-08: 24200
2020-10-09: 23700
2020-10-10: 24200
2020-10-11: 23700
2020-10-12: 23500
2020-10-13: 22900
2020-10-14: 22300
2020-10-15: 22700
2020-10-16: 22500
2020-10-17: 21600
2020-10-18: 20900
2020-10-19: 20700
2020-10-20: 20100
2020-10-21: 20100
2020-10-22: 19800
2020-10-23: 18900
2020-10-24: 18600
2020-10-25: 18500
2020-10-26: 17600
2020-10-27: 17300
2020-10-28: 17400
2020-10-29: 17200
2020-10-30: 16700
2020-10-31: 16100
2020-11-01: 15800
2020-11-02: 15900
2020-11-03: 16800
2020-11-04: 17300
2020-11-05: 17800
2020-11-06: 17500
2020-11-07: 17500
2020-11-08: 17900
2020-11-09: 18100
2020-11-10: 17800
2020-11-11: 17500
2020-11-12: 17700
2020-11-13: 17700
2020-11-14: 17600
2020-11-15: 17600
2020-11-16: 17800
2020-11-17: 17500
2020-11-18: 18400
2020-11-19: 18000
2020-11-20: 18800
2020-11-21: 18500
2020-11-22: 18700
2020-11-23: 18800
2020-11-24: 19200
2020-11-25: 20000
2020-11-26: 19700
2020-11-27: 20400
2020-11-28: 20600
2020-11-29: 21500
2020-11-30: 21900
2020-12-01: 22700
2020-12-02: 22400
2020-12-03: 22400
2020-12-04: 22000
2020-12-05: 22200
2020-12-06: 22100
2020-12-07: 21700
2020-12-08: 22100
2020-12-09: 22300
2020-12-10: 23000
2020-12-11: 23400
2020-12-12: 23600
2020-12-13: 23100
2020-12-14: 22700
2020-12-15: 22500
2020-12-16: 23400
2020-12-17: 23600
2020-12-18: 24500
2020-12-19: 24000
2020-12-20: 24900
2020-12-21: 24500
2020-12-22: 25100
2020-12-23: 25600
2020-12-24: 25500
2020-12-25: 26400
2020-12-26: 27000
2020-12-27: 28000
2020-12-28: 27700
2020-12-29: 27800
2020-12-30: 27400
2020-12-31: 27500
2021-01-01: 28000
2021-01-02: 28300
2021-01-03: 28200
2021-01-04: 27800
2021-01-05: 27800
2021-01-06: 28500
2021-01-07: 28500
2021-01-08: 28300
2021-01-09: 28500
2021-01-10: 29100
2021-01-11: 29700
2021-01-12: 30300
2021-01-13: 30400
2021-01-14: 30300
2021-01-15: 31200
2021-01-16: 32200
2021-01-17: 31800
2021-01-18: 31600
2021-01-19: 32600
2021-01-20: 32400
2021-01-21: 31900
2021-01-22: 31400
2021-01-23: 32100
2021-01-24: 32400
2021-01-25: 33400
2021-01-26: 33400
2021-01-27: 33800
2021-01-28: 34800
2021-01-29: 35600
2021-01-30: 35700
2021-01-31: 36700
2021-02-01: 37100
2021-02-02: 36700
2021-02-03: 36700
2021-02-04: 37300
2021-02-05: 37900
2021-02-06: 38800
2021-02-07: 39300
2021-02-08: 39500
2021-02-09: 39600
2021-02-10: 39700
2021-02-11: 39600
2021-02-12: 40600
2021-02-13: 41400
2021-02-14: 42200
2021-02-15: 41900
2021-02-16: 42100
2021-02-17: 42200
2021-02-18: 41800
2021-02-19: 41900
2021-02-20: 42500
2021-02-21: 43000
2021-02-22: 42600
2021-02-23: 42800
2021-02-24: 43800
2021-02-25: 44400
2021-02-26: 43900
2021-02-27: 44400
2021-02-28: 44500
2021-03-01: 45500
2021-03-02: 46200
2021-03-03: 46400
2021-03-04: 46800
2021-03-05: 46700
2021-03-06: 47400
2021-03-07: 47700
2021-03-08: 48200
2021-03-09: 49000
2021-03-10: 49300
2021-03-11: 49800
2021-03-12: 49400
2021-03-13: 50100
2021-03-14: 50100
2021-03-15: 51100
2021-03-16: 51900
2021-03-17: 52000
2021-03-18: 52100
2021-03-19: 52900
2021-03-20: 52700
2021-03-21: 52800
2021-03-22: 52800
2021-03-23: 52600
2021-03-24: 52600
2021-03-25: 52800
2021-03-26: 53500
2021-03-27: 53100
2021-03-28: 53200
2021-03-29: 53600
2021-03-30: 53400
2021-03-31: 54000
2021-04-01: 55000
2021-04-02: 55000
2021-04-03: 55100
2021-04-04: 55400
2021-04-05: 56100
2021-04-06: 56800
2021-04-07: 57700
2021-04-08: 57600
2021-04-09: 57100
2021-04-10: 57600
2021-04-11: 58000
2021-04-12: 59000
2021-04-13: 59300
2021-04-14: 60100
2021-04-15: 60400
2021-04-16: 60500
2021-04-17: 61500
2021-04-18: 61400
2021-04-19: 62200
2021-04-20: 62300
2021-04-21: 62700
2021-04-22: 62600
2021-04-23: 63200
2021-04-24: 64000
2021-04-25: 63900
2021-04-26: 64200
2021-04-27: 64000
2021-04-28: 63900
2021-04-29: 63600
2021-04-30: 63400
2021-05-01: 62600
2021-05-02: 62600
2021-05-03: 62400
2021-05-04: 61700
2021-05-05: 61400
2021-05-06: 60700
2021-05-07: 60900
2021-05-08: 60900
2021-05-09: 61100
2021-05-10: 61200
2021-05-11: 60200
2021-05-12: 59400
2021-05-13: 58700
2021-05-14: 58800
2021-05-15: 58200
2021-05-16: 57700
2021-05-17: 57800
2021-05-18: 56900
2021-05-19: 56000
2021-05-20: 56500
2021-05-21: 56400
2021-05-22: 55900
2021-05-23: 56400
2021-05-24: 56100
2021-05-25: 55800
2021-05-26: 54800
2021-05-27: 54400
2021-05-28: 54200
2021-05-29: 54300
2021-05-30: 54300
2021-05-31: 54800
2021-06-01: 54000
2021-06-02: 54300
2021-06-03: 54800
2021-06-04: 55200
2021-06-05: 54800
2021-06-06: 54200
2021-06-07: 53600
2021-06-08: 53600
2021-06-09: 52600
2021-06-10: 51700
2021-06-11: 51100
2021-06-12: 50800
2021-06-13: 50400
2021-06-14: 49400
2021-06-15: 49600
2021-06-16: 50100
2021-06-17: 49900
2021-06-18: 50200
2021-06-19: 49500
2021-06-20: 48500
2021-06-21: 48100
2021-06-22: 48100
2021-06-23: 47200
2021-06-24: 47200
2021-06-25: 47600
2021-06-26: 47400
2021-06-27: 47100
2021-06-28: 47300
2021-06-29: 47600
2021-06-30: 47300
2021-07-01: 47400
2021-07-02: 46700
2021-07-03: 46000
2021-07-04: 45500
2021-07-05: 45200
2021-07-06: 44200
2021-07-07: 43800
2021-07-08: 42900
2021-07-09: 42900
2021-07-10: 42800
2021-07-11: 43300
2021-07-12: 43800
2021-07-13: 43000
2021-07-14: 43300
2021-07-15: 42400
2021-07-16: 42800
2021-07-17: 42700
2021-07-18: 42600
2021-07-19: 42300
2021-07-20: 42600
2021-07-21: 42400
2021-07-22: 42900
2021-07-23: 43200
2021-07-24: 43700
2021-07-25: 42800
2021-07-26: 42500
2021-07-27: 42900
2021-07-28: 41900
2021-07-29: 42300
2021-07-30: 41300
2021-07-31: 41000
2021-08-01: 40600
2021-08-02: 40800
2021-08-03: 41200
2021-08-04: 40800
2021-08-05: 40100
2021-08-06: 39100
2021-08-07: 39000
2021-08-08: 39300
2021-08-09: 39600
2021-08-10: 40100
2021-08-11: 40000
2021-08-12: 39900
2021-08-13: 39700
2021-08-14: 38800
2021-08-15: 39200
2021-08-16: 38300
2021-08-17: 38100
2021-08-18: 38100
2021-08-19: 37200
2021-08-20: 36900
2021-08-21: 36400
2021-08-22: 36700
2021-08-23: 36500
2021-08-24: 35500
2021-08-25: 35600
2021-08-26: 34600
2021-08-27: 34800
2021-08-28: 34200
2021-08-29: 33900
2021-08-30: 33700
2021-08-31: 34200
2021-09-01: 34700
2021-09-02: 34800
2021-09-03: 34100
2021-09-04: 33400
2021-09-05: 33000
2021-09-06: 33000
2021-09-07: 32600
2021-09-08: 33000
2021-09-09: 32400
2021-09-10: 32400
2021-09-11: 32400
2021-09-12: 32900
2021-09-13: 32600
2021-09-14: 31600
2021-09-15: 31300
2021-09-16: 31500
2021-09-17: 30600
2021-09-18: 29700
2021-09-19: 29200
2021-09-20: 29200
2021-09-21: 29000
2021-09-22: 29400
2021-09-23: 28900
2021-09-24: 29100
2021-09-25: 28500
2021-09-26: 27500
2021-09-27: 27200
2021-09-28: 27200
2021-09-29: 27500
2021-09-30: 27600
2021-10-01: 26700
2021-10-02: 26800
2021-10-03: 25900
2021-10-04: 25100
2021-10-05: 24900
2021-10-06: 25000
2021-10-07: 25300
2021-10-08: 24600
2021-10-09: 24300
2021-10-10: 24400
2021-10-11: 24600
2021-10-12: 24600
2021-10-13: 23600
2021-10-14: 22800
2021-10-15: 22500
2021-10-16: 22800
2021-10-17: 22800
2021-10-18: 22700
2021-10-19: 22900
2021-10-20: 23400
2021-10-21: 23300
2021-10-22: 22800
2021-10-23: 23200
2021-10-24: 23600
2021-10-25: 23500
2021-10-26: 22900
2021-10-27: 22800
2021-10-28: 22200
2021-10-29: 21800
2021-10-30: 20900
2021-10-31: 21400
2021-11-01: 21600
2021-11-02: 22000
2021-11-03: 22900
2021-11-04: 23100
2021-11-05: 22600
2021-11-06: 22300
2021-11-07: 22800
2021-11-08: 23400
2021-11-09: 23000
2021-11-10: 23900
2021-11-11: 24900
2021-11-12: 24400
2021-11-13: 24500
2021-11-14: 24000
2021-11-15: 24800
2021-11-16: 25600
2021-11-17: 26200
2021-11-18: 26100
2021-11-19: 26800
2021-11-20: 26900
2021-11-21: 27800
2021-11-22: 28200
2021-11-23: 28800
2021-11-24: 29600
2021-11-25: 29800
2021-11-26: 29800
2021-11-27: 30700
2021-11-28: 31200
2021-11-29: 31900
2021-11-30: 32200
2021-12-01: 31900
2021-12-02: 31700
2021-12-03: 31600
2021-12-04: 32600
2021-12-05: 32900
2021-12-06: 33000
2021-12-07: 33000
2021-12-08: 33800
2021-12-09: 34400
2021-12-10: 34100
2021-12-11: 33600
2021-12-12: 33400
2021-12-13: 32900
2021-12-14: 32400
2021-12-15: 32900
2021-12-16: 33300
2021-12-17: 33900
2021-12-18: 33500
2021-12-19: 33500
2021-12-20: 33700
2021-12-21: 34400
2021-12-22: 34900
2021-12-23: 35400
2021-12-24: 36400
2021-12-25: 35900
2021-12-26: 36200
2021-12-27: 36000
2021-12-28: 36200
2021-12-29: 36700
2021-12-30: 37300
2021-12-31: 36900
2022-01-01: 36500
2022-01-02: 36300
2022-01-03: 36000
2022-01-04: 37000
2022-01-05: 37500
2022-01-06: 37800
2022-01-07: 38100
2022-01-08: 38500
2022-01-09: 38700
2022-01-10: 39500
2022-01-11: 39700
2022-01-12: 39200
2022-01-13: 39500
2022-01-14: 39500
2022-01-15: 40100
2022-01-16: 41000
2022-01-17: 40700
2022-01-18: 40200
2022-01-19: 39900
2022-01-20: 40000
2022-01-21: 40600
2022-01-22: 41500
2022-01-23: 42400
2022-01-24: 42300
2022-01-25: 42400
2022-01-26: 42500
2022-01-27: 42100
2022-01-28: 42600
2022-01-29: 42200
2022-01-30: 42300
2022-01-31: 42200
2022-02-01: 42600
2022-02-02: 42200
2022-02-03: 42400
2022-02-04: 42000
2022-02-05: 42200
2022-02-06: 42100
2022-02-07: 41600
2022-02-08: 41200
2022-02-09: 40800
2022-02-10: 41200
2022-02-11: 42100
2022-02-12: 42200
2022-02-13: 43000
2022-02-14: 43400
2022-02-15: 43300
2022-02-16: 43400
2022-02-17: 44100
2022-02-18: 44700
2022-02-19: 45500
2022-02-20: 45700
2022-02-21: 45200
2022-02-22: 45600
2022-02-23: 45500
2022-02-24: 46100
2022-02-25: 46600
2022-02-26: 46600
2022-02-27: 47400
2022-02-28: 47700
2022-03-01: 48600
2022-03-02: 49500
2022-03-03: 49300
2022-03-04: 49500
2022-03-05: 50300
2022-03-06: 51100
2022-03-07: 51200
2022-03-08: 51000
2022-03-09: 51200
2022-03-10: 51800
2022-03-11: 52800
2022-03-12: 53500
2022-03-13: 53900
2022-03-14: 53900
2022-03-15: 53600
2022-03-16: 53800
2022-03-17: 53500
2022-03-18: 53400
2022-03-19: 53500
2022-03-20: 53300
2022-03-21: 54000
2022-03-22: 54400
2022-03-23: 54300
2022-03-24: 55200
2022-03-25: 56000
2022-03-26: 56200
2022-03-27: 57200
2022-03-28: 58200
2022-03-29: 58000
2022-03-30: 57600
2022-03-31: 57600
2022-04-01: 57800
2022-04-02: 57500
2022-04-03: 57600
2022-04-04: 58200
2022-04-05: 58600
2022-04-06: 58200
2022-04-07: 59100
2022-04-08: 58700
2022-04-09: 59200
2022-04-10: 59500
2022-04-11: 59400
2022-04-12: 59500
2022-04-13: 60200
2022-04-14: 60100
2022-04-15: 59900
2022-04-16: 60900
2022-04-17: 60800
2022-04-18: 61000
2022-04-19: 60500
2022-04-20: 60200
2022-04-21: 60400
2022-04-22: 61000
2022-04-23: 61600
2022-04-24: 62100
2022-04-25: 62100
2022-04-26: 61600
2022-04-27: 62000
2022-04-28: 62800
2022-04-29: 63400
2022-04-30: 62900
2022-05-01: 62500
2022-05-02: 61900
2022-05-03: 61700
2022-05-04: 60900
2022-05-05: 60300
2022-05-06: 60400
2022-05-07: 60300
2022-05-08: 60700
2022-05-09: 60200
2022-05-10: 60400
2022-05-11: 60200
2022-05-12: 60200
2022-05-13: 60700
2022-05-14: 60600
2022-05-15: 59600
2022-05-16: 59600
2022-05-17: 59500
2022-05-18: 60000
2022-05-19: 60200
2022-05-20: 59500
2022-05-21: 59300
2022-05-22: 59400
2022-05-23: 58500
2022-05-24: 58800
2022-05-25: 58000
2022-05-26: 58300
2022-05-27: 58200
2022-05-28: 57900
2022-05-29: 58400
2022-05-30: 58800
2022-05-31: 58300
2022-06-01: 58800
2022-06-02: 58800
2022-06-03: 58100
2022-06-04: 58000
2022-06-05: 58500
2022-06-06: 58000
2022-06-07: 57100
2022-06-08: 56300
2022-06-09: 56300
2022-06-10: 56500
2022-06-11: 55900
2022-06-12: 55200
2022-06-13: 54800
2022-06-14: 54600
2022-06-15: 54900
2022-06-16: 53900
2022-06-17: 54000
2022-06-18: 53000
2022-06-19: 53100
2022-06-20: 52500
2022-06-21: 51900
2022-06-22: 52100
2022-06-23: 51900
2022-06-24: 52200
2022-06-25: 52500
2022-06-26: 52400
2022-06-27: 52200
2022-06-28: 52400
2022-06-29: 52000
2022-06-30: 52300
2022-07-01: 51800
2022-07-02: 51600
2022-07-03: 50900
2022-07-04: 50900
2022-07-05: 50300
2022-07-06: 49800
2022-07-07: 49400
2022-07-08: 49500
2022-07-09: 49400
2022-07-10: 49900
2022-07-11: 49900
2022-07-12: 49100
2022-07-13: 49500
2022-07-14: 48900
2022-07-15: 48000
2022-07-16: 48100
2022-07-17: 47600
2022-07-18: 48000
2022-07-19: 47700
2022-07-20: 48200
2022-07-21: 47900
2022-07-22: 47900
2022-07-23: 48400
2022-07-24: 48100
2022-07-25: 48100
2022-07-26: 47800
2022-07-27: 47600
2022-07-28: 46600
2022-07-29: 46200
2022-07-30: 45800
2022-07-31: 45400
2022-08-01: 45000
2022-08-02: 45400
2022-08-03: 45800
2022-08-04: 44800
2022-08-05: 44600
2022-08-06: 44800
2022-08-07: 44600
2022-08-08: 44800
2022-08-09: 44800
2022-08-10: 44100
2022-08-11: 43500
2022-08-12: 43100
2022-08-13: 43600
2022-08-14: 43500
2022-08-15: 42800
2022-08-16: 43200
2022-08-17: 42700
2022-08-18: 42600
2022-08-19: 41600
2022-08-20: 42000
2022-08-21: 41100
2022-08-22: 40700
2022-08-23: 39900
2022-08-24: 39000
2022-08-25: 39200
2022-08-26: 39600
2022-08-27: 39500
2022-08-28: 38700
2022-08-29: 38900
2022-08-30: 38100
2022-08-31: 38000
2022-09-01: 37600
2022-09-02: 38100
2022-09-03: 37800
2022-09-04: 37700
2022-09-05: 38200
2022-09-06: 37900
2022-09-07: 38100
2022-09-08: 37400
2022-09-09: 36500
2022-09-10: 36700
2022-09-11: 36300
2022-09-12: 35900
2022-09-13: 35900
2022-09-14: 34900
2022-09-15: 34100
2022-09-16: 33800
2022-09-17: 33600
2022-09-18: 33300
2022-09-19: 33200
2022-09-20: 33600
2022-09-21: 33900
2022-09-22: 33700
2022-09-23: 34000
2022-09-24: 33900
2022-09-25: 33900
2022-09-26: 33800
2022-09-27: 34100
2022-09-28: 34300
2022-09-29: 34600
2022-09-30: 35000
2022-10-01: 35000
2022-10-02: 34300
2022-10-03: 34800
2022-10-04: 33800
2022-10-05: 33800
2022-10-06: 33400
2022-10-07: 33100
2022-10-08: 32300
2022-10-09: 32200
2022-10-10: 31800
2022-10-11: 30800
2022-10-12: 30800
2022-10-13: 30000
2022-10-14: 30200
2022-10-15: 30200
2022-10-16: 29400
2022-10-17: 28500
2022-10-18: 28100
2022-10-19: 28500
2022-10-20: 27900
2022-10-21: 27600
2022-10-22: 28100
2022-10-23: 28600
2022-10-24: 28600
2022-10-25: 29100
2022-10-26: 29500
2022-10-27: 28800
2022-10-28: 28400
2022-10-29: 28200
2022-10-30: 28600
2022-10-31: 28400
2022-11-01: 28700
2022-11-02: 28900
2022-11-03: 29300
2022-11-04: 29700
2022-11-05: 30000
2022-11-06: 30600
2022-11-07: 31300
2022-11-08: 31900
2022-11-09: 32800
2022-11-10: 32700
2022-11-11: 33400
2022-11-12: 32900
2022-11-13: 33600
2022-11-14: 34600
2022-11-15: 34100
2022-11-16: 34200
2022-11-17: 35000
2022-11-18: 34500
2022-11-19: 34300
2022-11-20: 34700
2022-11-21: 35500
2022-11-22: 35900
2022-11-23: 36200
2022-11-24: 36300
2022-11-25: 36700
2022-11-26: 37300
2022-11-27: 37200
2022-11-28: 38100
2022-11-29: 37900
2022-11-30: 37900
2022-12-01: 37800
2022-12-02: 37400
2022-12-03: 36900
2022-12-04: 37800
2022-12-05: 38700
2022-12-06: 38200
2022-12-07: 38100
2022-12-08: 37700
2022-12-09: 38600
2022-12-10: 38600
2022-12-11: 39100
2022-12-12: 40000
2022-12-13: 39700
2022-12-14: 39300
2022-12-15: 40200
2022-12-16: 40000
2022-12-17: 40800
2022-12-18: 41800
2022-12-19: 41600
2022-12-20: 41400
2022-12-21: 41200
2022-12-22: 41800
2022-12-23: 41400
2022-12-24: 41700
2022-12-25: 42700
2022-12-26: 43100
2022-12-27: 43100
2022-12-28: 43000
2022-12-29: 42900
2022-12-30: 42400
2022-12-31: 42200
2023-01-01: 43100
2023-01-02: 43600
2023-01-03: 44000
2023-01-04: 43800
2023-01-05: 43600
2023-01-06: 43800
2023-01-07: 43300
2023-01-08: 43200
2023-01-09: 43000
2023-01-10: 43200
2023-01-11: 43800
2023-01-12: 43300
2023-01-13: 42900
2023-01-14: 43600
2023-01-15: 44500
2023-01-16: 44300
2023-01-17: 44100
2023-01-18: 43600
2023-01-19: 44500
2023-01-20: 44900
2023-01-21: 44500
2023-01-22: 44700
2023-01-23: 44500
2023-01-24: 45400
2023-01-25: 45800
2023-01-26: 45300
2023-01-27: 46200
2023-01-28: 45800
2023-01-29: 45900
2023-01-30: 46700
2023-01-31: 47200
2023-02-01: 47600
2023-02-02: 48500
2023-02-03: 48100
2023-02-04: 48300
2023-02-05: 48000
2023-02-06: 48400
2023-02-07: 49100
2023-02-08: 49800
2023-02-09: 49500
2023-02-10: 50000
2023-02-11: 50600
2023-02-12: 51600
2023-02-13: 51800
2023-02-14: 52600
2023-02-15: 52900
2023-02-16: 52900
2023-02-17: 52600
2023-02-18: 53400
2023-02-19: 53000
2023-02-20: 53600
2023-02-21: 54100
2023-02-22: 53600
2023-02-23: 53200
2023-02-24: 53100
2023-02-25: 54000
2023-02-26: 54000
2023-02-27: 54600
2023-02-28: 54600
2023-03-01: 55400
2023-03-02: 55100
2023-03-03: 54800
2023-03-04: 55700
2023-03-05: 56300
2023-03-06: 56500
2023-03-07: 56400
2023-03-08: 56400
2023-03-09: 57200
2023-03-10: 57600
2023-03-11: 58500
2023-03-12: 59500
2023-03-13: 60500
2023-03-14: 61100
2023-03-15: 60900
2023-03-16: 60800
2023-03-17: 60900
2023-03-18: 61200
2023-03-19: 61100
2023-03-20: 61500
2023-03-21: 62500
2023-03-22: 63400
2023-03-23: 64300
2023-03-24: 65200
2023-03-25: 64700
2023-03-26: 65400
2023-03-27: 66100
2023-03-28: 65900
2023-03-29: 65700
2023-03-30: 66000
2023-03-31: 66700
2023-04-01: 66300
2023-04-02: 67300
2023-04-03: 67900
2023-04-04: 68800
2023-04-05: 69100
2023-04-06: 69500
2023-04-07: 69600
2023-04-08: 69900
2023-04-09: 70700
2023-04-10: 70200
2023-04-11: 70400
2023-04-12: 71400
2023-04-13: 72300
2023-04-14: 72300
2023-04-15: 72100
2023-04-16: 71600
2023-04-17: 71200
2023-04-18: 71800
2023-04-19: 72000
2023-04-20: 72000
2023-04-21: 72600
2023-04-22: 72600
2023-04-23: 72500
2023-04-24: 72700
2023-04-25: 72500
2023-04-26: 73200
2023-04-27: 73500
2023-04-28: 73800
2023-04-29: 73500
2023-04-30: 74300
2023-05-01: 74300
2023-05-02: 73400
2023-05-03: 73600
2023-05-04: 72600
2023-05-05: 72800
2023-05-06: 72700
2023-05-07: 72900
2023-05-08: 72900
2023-05-09: 72400
2023-05-10: 71400
2023-05-11: 71500
2023-05-12: 70700
2023-05-13: 69900
2023-05-14: 69300
2023-05-15: 68800
2023-05-16: 69300
2023-05-17: 69800
2023-05-18: 68800
2023-05-19: 68000
2023-05-20: 67000
2023-05-21: 66200
2023-05-22: 65800
2023-05-23: 65300
2023-05-24: 65400
2023-05-25: 65400
2023-05-26: 64700
2023-05-27: 64000
2023-05-28: 63600
2023-05-29: 63900
2023-05-30: 63100
2023-05-31: 62600
2023-06-01: 62900
2023-06-02: 62900
2023-06-03: 63300
2023-06-04: 62800
2023-06-05: 61900
2023-06-06: 62100
2023-06-07: 62000
2023-06-08: 62300
2023-06-09: 62300
2023-06-10: 62200
2023-06-11: 62000
2023-06-12: 61000
2023-06-13: 61000
2023-06-14: 60200
2023-06-15: 60300
2023-06-16: 60600
2023-06-17: 61100
2023-06-18: 60800
2023-06-19: 61300
2023-06-20: 60900
2023-06-21: 60900
2023-06-22: 60400
2023-06-23: 60800
2023-06-24: 60700
2023-06-25: 60300
2023-06-26: 59700
2023-06-27: 59700
2023-06-28: 60200
2023-06-29: 59300
2023-06-30: 59700
2023-07-01: 59700
2023-07-02: 60000
2023-07-03: 59300
2023-07-04: 58800
2023-07-05: 58300
2023-07-06: 58600
2023-07-07: 59000
2023-07-08: 59200
2023-07-09: 59500
2023-07-10: 58900
2023-07-11: 58600
2023-07-12: 58400
2023-07-13: 57900
2023-07-14: 57600
2023-07-15: 57300
2023-07-16: 56400
2023-07-17: 55600
2023-07-18: 56000
2023-07-19: 55000
2023-07-20: 55100
2023-07-21: 55100
2023-07-22: 55000
2023-07-23: 55300
2023-07-24: 54800
2023-07-25: 55000
2023-07-26: 54200
2023-07-27: 54200
2023-07-28: 53600
2023-07-29: 52600
2023-07-30: 52000
2023-07-31: 52100
2023-08-01: 52600
2023-08-02: 52500
2023-08-03: 52100
2023-08-04: 52400
2023-08-05: 52800
2023-08-06: 52600
2023-08-07: 52500
2023-08-08: 53000
2023-08-09: 52100
2023-08-10: 51600
2023-08-11: 51200
2023-08-12: 50900
2023-08-13: 50300
2023-08-14: 49700
2023-08-15: 49700
2023-08-16: 49600
2023-08-17: 50000
2023-08-18: 49700
2023-08-19: 49200
2023-08-20: 48800
2023-08-21: 48400
2023-08-22: 47600
2023-08-23: 47400
2023-08-24: 47500
2023-08-25: 47500
2023-08-26: 47900
2023-08-27: 48300
2023-08-28: 47300
2023-08-29: 47300
2023-08-30: 46900
2023-08-31: 47000
2023-09-01: 47500
2023-09-02: 46600
2023-09-03: 45600
2023-09-04: 45900
2023-09-05: 46300
2023-09-06: 46000
2023-09-07: 46300
2023-09-08: 46000
2023-09-09: 45100
2023-09-10: 45000
2023-09-11: 45000
2023-09-12: 44400
2023-09-13: 44000
2023-09-14: 43900
2023-09-15: 43300
2023-09-16: 43800
2023-09-17: 43900
2023-09-18: 43300
2023-09-19: 43100
2023-09-20: 43300
2023-09-21: 43100
2023-09-22: 43400
2023-09-23: 43700
2023-09-24: 44000
2023-09-25: 43900
2023-09-26: 42900
2023-09-27: 42900
2023-09-28: 42700
2023-09-29: 42300
2023-09-30: 42100
2023-10-01: 41800
2023-10-02: 42200
2023-10-03: 41200
2023-10-04: 41000
2023-10-05: 40000
2023-10-06: 39100
2023-10-07: 39300
2023-10-08: 38400
2023-10-09: 38300
2023-10-10: 38600
2023-10-11: 39000
2023-10-12: 38700
2023-10-13: 38900
2023-10-14: 39400
2023-10-15: 38700
2023-10-16: 38800
2023-10-17: 37800
2023-10-18: 37400
2023-10-19: 37700
2023-10-20: 37000
2023-10-21: 36000
2023-10-22: 35100
2023-10-23: 35400
2023-10-24: 34800
2023-10-25: 34400
2023-10-26: 33900
2023-10-27: 32900
2023-10-28: 32900
2023-10-29: 32100
2023-10-30: 31100
2023-10-31: 31300
2023-11-01: 31800
2023-11-02: 32500
2023-11-03: 32100
2023-11-04: 31600
2023-11-05: 31400
2023-11-06: 31500
2023-11-07: 32100
2023-11-08: 33000
2023-11-09: 33200
2023-11-10: 34000
2023-11-11: 34100
2023-11-12: 34900
2023-11-13: 34700
2023-11-14: 35600
2023-11-15: 35600
2023-11-16: 36500
2023-11-17: 36400
2023-11-18: 37000
2023-11-19: 37700
2023-11-20: 38000
2023-11-21: 37600
2023-11-22: 38200
2023-11-23: 38800
2023-11-24: 38400
2023-11-25: 37900
2023-11-26: 38200
2023-11-27: 37800
2023-11-28: 37800
2023-11-29: 37300
2023-11-30: 37000
2023-12-01: 37800
2023-12-02: 38600
2023-12-03: 39100
2023-12-04: 40000
2023-12-05: 40500
2023-12-06: 40500
2023-12-07: 40200
2023-12-08: 40400
2023-12-09: 40800
2023-12-10: 40700
2023-12-11: 40700
2023-12-12: 41000
2023-12-13: 40700
2023-12-14: 41200
2023-12-15: 41700
2023-12-16: 41700
2023-12-17: 42400
2023-12-18: 41900
2023-12-19: 42700
2023-12-20: 42900
2023-12-21: 43400
2023-12-22: 43200
2023-12-23: 43500
2023-12-24: 43600
2023-12-25: 43600
2023-12-26: 43600
2023-12-27: 43600
2023-12-28: 44100
2023-12-29: 44900
2023-12-30: 44800
2023-12-31: 44800
2024-01-01: 45200
2024-01-02: 45000
2024-01-03: 45500
2024-01-04: 45300
2024-01-05: 44800
2024-01-06: 44400
2024-01-07: 44200
2024-01-08: 44100
2024-01-09: 43900
2024-01-10: 44100
2024-01-11: 44800
2024-01-12: 44700
2024-01-13: 44300
2024-01-14: 44700
2024-01-15: 45400
2024-01-16: 46400
2024-01-17: 46700
2024-01-18: 47400
2024-01-19: 47300
2024-01-20: 48000
2024-01-21: 48600
2024-01-22: 48900
2024-01-23: 49400
2024-01-24: 49100
2024-01-25: 49100
2024-01-26: 48700
2024-01-27: 49700
2024-01-28: 50400
2024-01-29: 50300
2024-01-30: 51300
2024-01-31: 52000
2024-02-01: 51900
2024-02-02: 52600
2024-02-03: 52600
2024-02-04: 53500
2024-02-05: 54100
2024-02-06: 55100
2024-02-07: 54700
2024-02-08: 54300
2024-02-09: 54400
2024-02-10: 54500
2024-02-11: 55500
2024-02-12: 55400
2024-02-13: 55800
2024-02-14: 55900
2024-02-15: 56600
2024-02-16: 57000
2024-02-17: 57600
2024-02-18: 58500
2024-02-19: 58500
2024-02-20: 58300
2024-02-21: 58200
2024-02-22: 58700
2024-02-23: 58500
2024-02-24: 59100
2024-02-25: 60000
2024-02-26: 61000
2024-02-27: 61200
2024-02-28: 61300
2024-02-29: 62100
2024-03-01: 63100
2024-03-02: 63900
2024-03-03: 64300
2024-03-04: 64800
2024-03-05: 64500
2024-03-06: 64200
2024-03-07: 64200
2024-03-08: 64200
2024-03-09: 63700
2024-03-10: 63900
2024-03-11: 64900
2024-03-12: 65400
2024-03-13: 65100
2024-03-14: 65100
2024-03-15: 65200
2024-03-16: 65900
2024-03-17: 66700
2024-03-18: 66800
2024-03-19: 66700
2024-03-20: 67300
2024-03-21: 67300
2024-03-22: 67900
2024-03-23: 68600
2024-03-24: 68500
2024-03-25: 68600
2024-03-26: 68100
2024-03-27: 67700
2024-03-28: 67300
2024-03-29: 67200
2024-03-30: 67700
2024-03-31: 67800
2024-04-01: 67400
2024-04-02: 68300
2024-04-03: 68100
2024-04-04: 68100
2024-04-05: 68400
2024-04-06: 67900
2024-04-07: 68600
2024-04-08: 68800
2024-04-09: 69200
2024-04-10: 70100
2024-04-11: 70300
2024-04-12: 71000
2024-04-13: 71100
2024-04-14: 71100
2024-04-15: 71100
2024-04-16: 70800
2024-04-17: 71200
2024-04-18: 71800
2024-04-19: 71600
2024-04-20: 71300
2024-04-21: 72100
2024-04-22: 71900
2024-04-23: 72300
2024-04-24: 71800
2024-04-25: 72700
2024-04-26: 72700
2024-04-27: 73200
2024-04-28: 72900
2024-04-29: 73600
2024-04-30: 73100
2024-05-01: 72300
2024-05-02: 71500
2024-05-03: 71100
2024-05-04: 70300
2024-05-05: 69700
2024-05-06: 69400
2024-05-07: 69000
2024-05-08: 69500
2024-05-09: 69300
2024-05-10: 69200
2024-05-11: 68400
2024-05-12: 68500
2024-05-13: 68300
2024-05-14: 68600
2024-05-15: 68300
2024-05-16: 67700
2024-05-17: 66700
2024-05-18: 66700
2024-05-19: 66600
2024-05-20: 65600
2024-05-21: 65000
2024-05-22: 64200
2024-05-23: 63400
2024-05-24: 63700
2024-05-25: 63200
2024-05-26: 63100
2024-05-27: 63300
2024-05-28: 62500
2024-05-29: 62400
2024-05-30: 62300
2024-05-31: 62100
2024-06-01: 61900
2024-06-02: 61200
2024-06-03: 61300
2024-06-04: 61600
2024-06-05: 60600
2024-06-06: 61000
2024-06-07: 60300
2024-06-08: 60500
2024-06-09: 59500
2024-06-10: 59400
2024-06-11: 59200
2024-06-12: 58500
2024-06-13: 57900
2024-06-14: 57100
2024-06-15: 57600
2024-06-16: 57900
2024-06-17: 57600
2024-06-18: 57100
2024-06-19: 56800
2024-06-20: 55800
2024-06-21: 55100
2024-06-22: 55200
2024-06-23: 55600
2024-06-24: 55300
2024-06-25: 55500
2024-06-26: 54700
2024-06-27: 54600
2024-06-28: 53800
2024-06-29: 54200
2024-06-30: 53700
2024-07-01: 52700
2024-07-02: 51900
2024-07-03: 52400
2024-07-04: 51600
2024-07-05: 50700
2024-07-06: 50200
2024-07-07: 50100
2024-07-08: 49700
2024-07-09: 49000
2024-07-10: 49100
2024-07-11: 48400
2024-07-12: 48700
2024-07-13: 47800
2024-07-14: 47200
2024-07-15: 46900
2024-07-16: 46400
2024-07-17: 46000
2024-07-18: 46100
2024-07-19: 45300
2024-07-20: 45400
2024-07-21: 44700
2024-07-22: 44000
2024-07-23: 44100
2024-07-24: 44600
2024-07-25: 43600
2024-07-26: 43200
2024-07-27: 42500
2024-07-28: 41500
2024-07-29: 40700
2024-07-30: 39800
2024-07-31: 39700
2024-08-01: 40100
2024-08-02: 40400
2024-08-03: 40200
2024-08-04: 40000
2024-08-05: 39200
2024-08-06: 38300
2024-08-07: 38600
2024-08-08: 38500
2024-08-09: 38900
2024-08-10: 38700
2024-08-11: 38600
2024-08-12: 37800
2024-08-13: 37100
2024-08-14: 36200
2024-08-15: 35200
2024-08-16: 35400
2024-08-17: 35500
2024-08-18: 35300
2024-08-19: 34600
2024-08-20: 34900
2024-08-21: 33900
2024-08-22: 33500
2024-08-23: 33800
2024-08-24: 34100
2024-08-25: 33100
2024-08-26: 33300
2024-08-27: 32400
2024-08-28: 31400
2024-08-29: 30900
2024-08-30: 30600
2024-08-31: 29700
2024-09-01: 29400
2024-09-02: 29800
2024-09-03: 29300
2024-09-04: 29200
2024-09-05: 29500
2024-09-06: 29800
2024-09-07: 29400
2024-09-08: 29900
2024-09-09: 30200
2024-09-10: 29700
2024-09-11: 28700
2024-09-12: 27700
2024-09-13: 26700
2024-09-14: 26400
2024-09-15: 25900
2024-09-16: 25400
2024-09-17: 24800
2024-09-18: 24900
2024-09-19: 24200
2024-09-20: 23200
2024-09-21: 22400
2024-09-22: 22100
2024-09-23: 21900
2024-09-24: 21600
2024-09-25: 21700
2024-09-26: 20800
2024-09-27: 21300
2024-09-28: 21600
2024-09-29: 21000
2024-09-30: 20600
2024-10-01: 20800
2024-10-02: 20600
2024-10-03: 19600
2024-10-04: 19000
2024-10-05: 19400
2024-10-06: 19600
2024-10-07: 19400
2024-10-08: 18600
2024-10-09: 18400
2024-10-10: 18200
2024-10-11: 18200
2024-10-12: 18400
2024-10-13: 17800
2024-10-14: 17700
2024-10-15: 17500
2024-10-16: 17800
2024-10-17: 17800
2024-10-18: 17000
2024-10-19: 16500
2024-10-20: 15500
2024-10-21: 15800
2024-10-22: 15600
2024-10-23: 15600
2024-10-24: 16100
2024-10-25: 15600
2024-10-26: 15100
2024-10-27: 15100
2024-10-28: 15400
2024-10-29: 15800
2024-10-30: 16200
2024-10-31: 16400
2024-11-01: 17000
2024-11-02: 18000
2024-11-03: 18000
2024-11-04: 18800
2024-11-05: 18500
2024-11-06: 19000
2024-11-07: 19200
2024-11-08: 19700
2024-11-09: 19700
2024-11-10: 19600
2024-11-11: 20300
2024-11-12: 21100
2024-11-13: 20800
2024-11-14: 20800
2024-11-15: 21700
2024-11-16: 22400
2024-11-17: 22800
2024-11-18: 23200
2024-11-19: 24200
2024-11-20: 24100
2024-11-21: 25100
2024-11-22: 25600
2024-11-23: 25500
2024-11-24: 26300
2024-11-25: 27200
2024-11-26: 27400
2024-11-27: 28300
2024-11-28: 28700
2024-11-29: 29300
2024-11-30: 29300
2024-12-01: 30200
2024-12-02: 30300
2024-12-03: 30600
2024-12-04: 31600
2024-12-05: 32400
2024-12-06: 31900
2024-12-07: 32600
2024-12-08: 33200
2024-12-09: 33300
2024-12-10: 34200
2024-12-11: 34400
2024-12-12: 34800
2024-12-13: 35300
2024-12-14: 36200
2024-12-15: 37200
2024-12-16: 36900
2024-12-17: 37100
2024-12-18: 37100
2024-12-19: 36700
2024-12-20: 36800
2024-12-21: 37200
2024-12-22: 37400
2024-12-23: 37000
2024-12-24: 36600
2024-12-25: 36400
2024-12-26: 36100
2024-12-27: 36100
2024-12-28: 35700
2024-12-29: 36100
2024-12-30: 36200
2024-12-31: 35900
